{"10": {"MRR": 0.19463727497650865, "MRR_h": 0.07659920369629397, "MRR_t": 0.31267534625672333, "H@1": 10.673234811165845, "H@1_h": 2.7914614121510675, "H@1_t": 18.555008210180624, "H@3": 20.908593322386427, "H@3_h": 7.498631636562671, "H@3_t": 34.31855500821018, "H@5": 27.64094143404488, "H@5_h": 10.83743842364532, "H@5_t": 44.44444444444444, "H@10": 37.794198139025724, "H@10_h": 15.763546798029557, "H@10_t": 59.82484948002189, "Sem@1": 96.25398724082935, "Sem@1_h": 93.53070175438597, "Sem@1_t": 98.97727272727272, "Sem@3": 93.68437666135041, "Sem@3_h": 90.58845029239781, "Sem@3_t": 96.780303030303, "Sem@5": 92.69049043062194, "Sem@5_h": 89.21052631578925, "Sem@5_t": 96.1704545454546, "Sem@10": 91.95668859649123, "Sem@10_h": 88.7883771929824, "Sem@10_t": 95.12500000000007}, "20": {"MRR": 0.20705321769106516, "MRR_h": 0.0705280847882084, "MRR_t": 0.3435783505939219, "H@1": 11.029009304871373, "H@1_h": 1.8062397372742198, "H@1_t": 20.251778872468527, "H@3": 22.660098522167488, "H@3_h": 6.568144499178982, "H@3_t": 38.752052545156, "H@5": 30.43240284619595, "H@5_h": 10.180623973727423, "H@5_t": 50.684181718664476, "H@10": 41.16037219485496, "H@10_h": 16.529830322933773, "H@10_t": 65.79091406677614, "Sem@1": 96.4194577352472, "Sem@1_h": 93.8048245614035, "Sem@1_t": 99.0340909090909, "Sem@3": 94.57668793195113, "Sem@3_h": 92.03216374269016, "Sem@3_t": 97.12121212121212, "Sem@5": 93.67872807017532, "Sem@5_h": 91.10745614035062, "Sem@5_t": 96.25000000000003, "Sem@10": 93.00089712918667, "Sem@10_h": 90.88815789473688, "Sem@10_t": 95.11363636363647}, "30": {"MRR": 0.23405926128333493, "MRR_h": 0.08684969481465724, "MRR_t": 0.3812688277520126, "H@1": 13.464696223316913, "H@1_h": 2.517788724685276, "H@1_t": 24.41160372194855, "H@3": 25.752599890530924, "H@3_h": 8.42911877394636, "H@3_t": 43.07608100711549, "H@5": 33.22386425834702, "H@5_h": 12.643678160919542, "H@5_t": 53.80405035577449, "H@10": 44.08866995073892, "H@10_h": 20.79912424740011, "H@10_t": 67.37821565407772, "Sem@1": 95.48544657097288, "Sem@1_h": 92.05043859649122, "Sem@1_t": 98.92045454545455, "Sem@3": 93.85017942583737, "Sem@3_h": 90.84429824561413, "Sem@3_t": 96.8560606060606, "Sem@5": 93.60217304625186, "Sem@5_h": 90.94298245614006, "Sem@5_t": 96.26136363636367, "Sem@10": 92.70305023923451, "Sem@10_h": 90.39473684210527, "Sem@10_t": 95.01136363636374}, "40": {"MRR": 0.24874376158474232, "MRR_h": 0.09909122255558409, "MRR_t": 0.3983963006139005, "H@1": 14.559386973180077, "H@1_h": 3.1746031746031744, "H@1_t": 25.94417077175698, "H@3": 27.120963327859883, "H@3_h": 9.63327859879584, "H@3_t": 44.60864805692392, "H@5": 35.11220580186097, "H@5_h": 14.614121510673234, "H@5_t": 55.61029009304871, "H@10": 46.9896004378763, "H@10_h": 23.590585659551177, "H@10_t": 70.38861521620142, "Sem@1": 96.54954146730462, "Sem@1_h": 94.46271929824562, "Sem@1_t": 98.63636363636363, "Sem@3": 94.63001727804364, "Sem@3_h": 92.74488304093578, "Sem@3_t": 96.5151515151515, "Sem@5": 93.68999202551818, "Sem@5_h": 91.42543859649086, "Sem@5_t": 95.95454545454551, "Sem@10": 92.67474082934612, "Sem@10_h": 90.38925438596489, "Sem@10_t": 94.96022727272737}, "50": {"MRR": 0.25669262658623926, "MRR_h": 0.10736846608919864, "MRR_t": 0.4060167870832799, "H@1": 14.641488779419815, "H@1_h": 3.065134099616858, "H@1_t": 26.217843459222767, "H@3": 28.35249042145594, "H@3_h": 11.056376573617953, "H@3_t": 45.64860426929393, "H@5": 37.547892720306514, "H@5_h": 17.46031746031746, "H@5_t": 57.635467980295566, "H@10": 48.74110563765736, "H@10_h": 25.287356321839084, "H@10_t": 72.19485495347564, "Sem@1": 96.10895135566189, "Sem@1_h": 93.6951754385965, "Sem@1_t": 98.52272727272727, "Sem@3": 94.41404173312075, "Sem@3_h": 92.12353801169603, "Sem@3_t": 96.70454545454548, "Sem@5": 93.66736443381171, "Sem@5_h": 91.10745614035065, "Sem@5_t": 96.22727272727278, "Sem@10": 92.50294059011172, "Sem@10_h": 89.68201754385974, "Sem@10_t": 95.3238636363637}, "60": {"MRR": 0.2665966735519609, "MRR_h": 0.11649151661027737, "MRR_t": 0.41670183049364445, "H@1": 15.571975916803504, "H@1_h": 3.7219485495347566, "H@1_t": 27.42200328407225, "H@3": 29.50191570881226, "H@3_h": 12.096332785987958, "H@3_t": 46.907498631636564, "H@5": 38.396278051450466, "H@5_h": 18.39080459770115, "H@5_t": 58.40175150519978, "H@10": 50.05473453749316, "H@10_h": 27.69567597153804, "H@10_t": 72.41379310344827, "Sem@1": 95.09070972886762, "Sem@1_h": 91.8859649122807, "Sem@1_t": 98.29545454545455, "Sem@3": 93.98491493886235, "Sem@3_h": 91.24634502923986, "Sem@3_t": 96.72348484848483, "Sem@5": 93.52910685805418, "Sem@5_h": 90.89912280701743, "Sem@5_t": 96.15909090909092, "Sem@10": 92.20060805422663, "Sem@10_h": 89.43530701754403, "Sem@10_t": 94.96590909090924}, "70": {"MRR": 0.2755644335965039, "MRR_h": 0.13057118175428864, "MRR_t": 0.42055768543871913, "H@1": 16.146688560481664, "H@1_h": 4.980842911877394, "H@1_t": 27.312534209085932, "H@3": 30.514504652435686, "H@3_h": 13.628899835796387, "H@3_t": 47.400109469074984, "H@5": 40.14778325123153, "H@5_h": 20.306513409961685, "H@5_t": 59.989053092501365, "H@10": 51.50519978106185, "H@10_h": 28.35249042145594, "H@10_t": 74.65790914066777, "Sem@1": 95.23275518341308, "Sem@1_h": 91.8859649122807, "Sem@1_t": 98.57954545454545, "Sem@3": 93.92543859649129, "Sem@3_h": 91.3925438596492, "Sem@3_t": 96.45833333333339, "Sem@5": 93.26335725677822, "Sem@5_h": 90.51535087719283, "Sem@5_t": 96.01136363636363, "Sem@10": 92.19691985645942, "Sem@10_h": 89.63815789473698, "Sem@10_t": 94.75568181818186}}